{
  "cardSizeGB": 64,
  "useOneCard": false,
  "availableSpaceMB": 117964.8,
  "sd1": {
    "cardName": "SD1",
    "channels": "All Channels (Mirror)",
    "channelCount": 5,
    "totalBitrate": 7.168,
    "totalRateMBh": 758.0140713167069,
    "totalRateGBh": 0.7402481165202216,
    "availableSpaceMB": 58982.4,
    "timeHours": 76.86255090405604,
    "timeDays": 3.2026062876690014,
    "channelResults": [
      {
        "channelId": "CH1",
        "channelName": "VID_F",
        "cardAssignment": "SD1+SD2 (Mirror)",
        "resolution": "1280x720",
        "fps": 25,
        "bitrate": 3.072,
        "codec": "H.264",
        "codecMultiplier": 1,
        "correctionFactor": 1.08,
        "correctionBreakdown": {
          "base": 1,
          "tsOverhead": 0.03,
          "audio": 0.01,
          "vbr": 0.02,
          "filesystem": 0.02,
          "total": 1.08
        },
        "effectiveBitrate": 0.7299072000000001,
        "rateMBh": 312.56280000000004,
        "rateGBh": 0.30523710937500004,
        "rateGBday": 7.325690625000001,
        "rateMBs": 0.08682300000000001
      },
      {
        "channelId": "CH2",
        "channelName": "VID_B",
        "cardAssignment": "SD1+SD2 (Mirror)",
        "resolution": "720x480",
        "fps": 15,
        "bitrate": 1.024,
        "codec": "H.264",
        "codecMultiplier": 1,
        "correctionFactor": 1.08,
        "correctionBreakdown": {
          "base": 1,
          "tsOverhead": 0.03,
          "audio": 0.01,
          "vbr": 0.02,
          "filesystem": 0.02,
          "total": 1.08
        },
        "effectiveBitrate": 0.26005821084852215,
        "rateMBh": 111.36281782917672,
        "rateGBh": 0.10875275178630539,
        "rateGBday": 2.6100660428713294,
        "rateMBs": 0.0309341160636602
      },
      {
        "channelId": "CH3",
        "channelName": "VID_L",
        "cardAssignment": "SD1+SD2 (Mirror)",
        "resolution": "720x480",
        "fps": 15,
        "bitrate": 1.024,
        "codec": "H.264",
        "codecMultiplier": 1,
        "correctionFactor": 1.08,
        "correctionBreakdown": {
          "base": 1,
          "tsOverhead": 0.03,
          "audio": 0.01,
          "vbr": 0.02,
          "filesystem": 0.02,
          "total": 1.08
        },
        "effectiveBitrate": 0.26005821084852215,
        "rateMBh": 111.36281782917672,
        "rateGBh": 0.10875275178630539,
        "rateGBday": 2.6100660428713294,
        "rateMBs": 0.0309341160636602
      },
      {
        "channelId": "CH4",
        "channelName": "VID_R",
        "cardAssignment": "SD1+SD2 (Mirror)",
        "resolution": "720x480",
        "fps": 15,
        "bitrate": 1.024,
        "codec": "H.264",
        "codecMultiplier": 1,
        "correctionFactor": 1.08,
        "correctionBreakdown": {
          "base": 1,
          "tsOverhead": 0.03,
          "audio": 0.01,
          "vbr": 0.02,
          "filesystem": 0.02,
          "total": 1.08
        },
        "effectiveBitrate": 0.26005821084852215,
        "rateMBh": 111.36281782917672,
        "rateGBh": 0.10875275178630539,
        "rateGBday": 2.6100660428713294,
        "rateMBs": 0.0309341160636602
      },
      {
        "channelId": "CH5",
        "channelName": "VID_X",
        "cardAssignment": "SD1+SD2 (Mirror)",
        "resolution": "720x480",
        "fps": 15,
        "bitrate": 1.024,
        "codec": "H.264",
        "codecMultiplier": 1,
        "correctionFactor": 1.08,
        "correctionBreakdown": {
          "base": 1,
          "tsOverhead": 0.03,
          "audio": 0.01,
          "vbr": 0.02,
          "filesystem": 0.02,
          "total": 1.08
        },
        "effectiveBitrate": 0.26005821084852215,
        "rateMBh": 111.36281782917672,
        "rateGBh": 0.10875275178630539,
        "rateGBday": 2.6100660428713294,
        "rateMBs": 0.0309341160636602
      }
    ]
  },
  "sd2": {
    "cardName": "SD2",
    "channels": "All Channels (Mirror)",
    "channelCount": 5,
    "totalBitrate": 7.168,
    "totalRateMBh": 758.0140713167069,
    "totalRateGBh": 0.7402481165202216,
    "availableSpaceMB": 58982.4,
    "timeHours": 76.86255090405604,
    "timeDays": 3.2026062876690014,
    "channelResults": [
      {
        "channelId": "CH1",
        "channelName": "VID_F",
        "cardAssignment": "SD1+SD2 (Mirror)",
        "resolution": "1280x720",
        "fps": 25,
        "bitrate": 3.072,
        "codec": "H.264",
        "codecMultiplier": 1,
        "correctionFactor": 1.08,
        "correctionBreakdown": {
          "base": 1,
          "tsOverhead": 0.03,
          "audio": 0.01,
          "vbr": 0.02,
          "filesystem": 0.02,
          "total": 1.08
        },
        "effectiveBitrate": 0.7299072000000001,
        "rateMBh": 312.56280000000004,
        "rateGBh": 0.30523710937500004,
        "rateGBday": 7.325690625000001,
        "rateMBs": 0.08682300000000001
      },
      {
        "channelId": "CH2",
        "channelName": "VID_B",
        "cardAssignment": "SD1+SD2 (Mirror)",
        "resolution": "720x480",
        "fps": 15,
        "bitrate": 1.024,
        "codec": "H.264",
        "codecMultiplier": 1,
        "correctionFactor": 1.08,
        "correctionBreakdown": {
          "base": 1,
          "tsOverhead": 0.03,
          "audio": 0.01,
          "vbr": 0.02,
          "filesystem": 0.02,
          "total": 1.08
        },
        "effectiveBitrate": 0.26005821084852215,
        "rateMBh": 111.36281782917672,
        "rateGBh": 0.10875275178630539,
        "rateGBday": 2.6100660428713294,
        "rateMBs": 0.0309341160636602
      },
      {
        "channelId": "CH3",
        "channelName": "VID_L",
        "cardAssignment": "SD1+SD2 (Mirror)",
        "resolution": "720x480",
        "fps": 15,
        "bitrate": 1.024,
        "codec": "H.264",
        "codecMultiplier": 1,
        "correctionFactor": 1.08,
        "correctionBreakdown": {
          "base": 1,
          "tsOverhead": 0.03,
          "audio": 0.01,
          "vbr": 0.02,
          "filesystem": 0.02,
          "total": 1.08
        },
        "effectiveBitrate": 0.26005821084852215,
        "rateMBh": 111.36281782917672,
        "rateGBh": 0.10875275178630539,
        "rateGBday": 2.6100660428713294,
        "rateMBs": 0.0309341160636602
      },
      {
        "channelId": "CH4",
        "channelName": "VID_R",
        "cardAssignment": "SD1+SD2 (Mirror)",
        "resolution": "720x480",
        "fps": 15,
        "bitrate": 1.024,
        "codec": "H.264",
        "codecMultiplier": 1,
        "correctionFactor": 1.08,
        "correctionBreakdown": {
          "base": 1,
          "tsOverhead": 0.03,
          "audio": 0.01,
          "vbr": 0.02,
          "filesystem": 0.02,
          "total": 1.08
        },
        "effectiveBitrate": 0.26005821084852215,
        "rateMBh": 111.36281782917672,
        "rateGBh": 0.10875275178630539,
        "rateGBday": 2.6100660428713294,
        "rateMBs": 0.0309341160636602
      },
      {
        "channelId": "CH5",
        "channelName": "VID_X",
        "cardAssignment": "SD1+SD2 (Mirror)",
        "resolution": "720x480",
        "fps": 15,
        "bitrate": 1.024,
        "codec": "H.264",
        "codecMultiplier": 1,
        "correctionFactor": 1.08,
        "correctionBreakdown": {
          "base": 1,
          "tsOverhead": 0.03,
          "audio": 0.01,
          "vbr": 0.02,
          "filesystem": 0.02,
          "total": 1.08
        },
        "effectiveBitrate": 0.26005821084852215,
        "rateMBh": 111.36281782917672,
        "rateGBh": 0.10875275178630539,
        "rateGBday": 2.6100660428713294,
        "rateMBs": 0.0309341160636602
      }
    ]
  },
  "totalBitrate": 7.168,
  "totalRateMBh": 758.0140713167069,
  "totalRateGBh": 0.7402481165202216,
  "totalRateGBday": 17.765954796485318,
  "totalTimeHours": 76.86255090405604,
  "totalTimeDays": 3.2026062876690014,
  "limitingCard": null,